{
    "optimized_threshold": 0.2,
    "f1_score": 0.4233576642335766,
    "recall": 0.5087719298245614,
    "precision": 0.3625,
    "timestamp": "2026-07-16 22:11:23"
}